{
  "dataset": {
    "n_rows": 768,
    "n_features": 8,
    "outcome_counts": {
      "0": 500,
      "1": 268
    },
    "outcome_pct": {
      "0": 65.10416666666666,
      "1": 34.89583333333333
    },
    "n_train": 614,
    "n_test": 154,
    "zero_counts": {
      "Pregnancies": {
        "count": 85,
        "pct": 13.843648208469055
      },
      "Glucose": {
        "count": 4,
        "pct": 0.6514657980456027
      },
      "BloodPressure": {
        "count": 23,
        "pct": 3.7459283387622153
      },
      "SkinThickness": {
        "count": 175,
        "pct": 28.501628664495115
      },
      "Insulin": {
        "count": 290,
        "pct": 47.23127035830619
      },
      "BMI": {
        "count": 9,
        "pct": 1.4657980456026058
      },
      "DiabetesPedigreeFunction": {
        "count": 0,
        "pct": 0.0
      }
    },
    "correlations_with_outcome": {
      "Outcome": 1.0,
      "Glucose": 0.46658139830687373,
      "BMI": 0.2926946626444454,
      "Age": 0.23835598302719757,
      "Pregnancies": 0.22189815303398636,
      "DiabetesPedigreeFunction": 0.17384406565296004,
      "Insulin": 0.13054795488404794,
      "SkinThickness": 0.07475223191831946,
      "BloodPressure": 0.06506835955033277
    },
    "describe": {
      "Pregnancies": {
        "count": 768.0,
        "mean": 3.8450520833333335,
        "std": 3.3695780626988694,
        "min": 0.0,
        "25%": 1.0,
        "50%": 3.0,
        "75%": 6.0,
        "max": 17.0
      },
      "Glucose": {
        "count": 768.0,
        "mean": 120.89453125,
        "std": 31.97261819513622,
        "min": 0.0,
        "25%": 99.0,
        "50%": 117.0,
        "75%": 140.25,
        "max": 199.0
      },
      "BloodPressure": {
        "count": 768.0,
        "mean": 69.10546875,
        "std": 19.355807170644777,
        "min": 0.0,
        "25%": 62.0,
        "50%": 72.0,
        "75%": 80.0,
        "max": 122.0
      },
      "SkinThickness": {
        "count": 768.0,
        "mean": 20.536458333333332,
        "std": 15.952217567727637,
        "min": 0.0,
        "25%": 0.0,
        "50%": 23.0,
        "75%": 32.0,
        "max": 99.0
      },
      "Insulin": {
        "count": 768.0,
        "mean": 79.79947916666667,
        "std": 115.24400235133817,
        "min": 0.0,
        "25%": 0.0,
        "50%": 30.5,
        "75%": 127.25,
        "max": 846.0
      },
      "BMI": {
        "count": 768.0,
        "mean": 31.992578124999998,
        "std": 7.884160320375446,
        "min": 0.0,
        "25%": 27.3,
        "50%": 32.0,
        "75%": 36.6,
        "max": 67.1
      },
      "DiabetesPedigreeFunction": {
        "count": 768.0,
        "mean": 0.47187630208333325,
        "std": 0.3313285950127749,
        "min": 0.078,
        "25%": 0.24375,
        "50%": 0.3725,
        "75%": 0.62625,
        "max": 2.42
      },
      "Age": {
        "count": 768.0,
        "mean": 33.240885416666664,
        "std": 11.760231540678685,
        "min": 21.0,
        "25%": 24.0,
        "50%": 29.0,
        "75%": 41.0,
        "max": 81.0
      },
      "Outcome": {
        "count": 768.0,
        "mean": 0.3489583333333333,
        "std": 0.47695137724279896,
        "min": 0.0,
        "25%": 0.0,
        "50%": 0.0,
        "75%": 1.0,
        "max": 1.0
      }
    }
  },
  "cv_summary": [
    {
      "model": "Logistic Regression",
      "best_params": {
        "C": "0.1"
      },
      "cv_roc_auc_mean": 0.8456381506090809,
      "cv_recall_mean": 0.715171650055371,
      "cv_recall_std": 0.058646840135696855,
      "cv_f1_mean": 0.6717294184174328,
      "cv_f1_std": 0.014902402417742605
    },
    {
      "model": "Decision Tree",
      "best_params": {
        "max_depth": "3",
        "min_samples_leaf": "1"
      },
      "cv_roc_auc_mean": 0.7923947951273532,
      "cv_recall_mean": 0.8368770764119601,
      "cv_recall_std": 0.08666194309429485,
      "cv_f1_mean": 0.6557384831553337,
      "cv_f1_std": 0.05645758485664571
    },
    {
      "model": "Random Forest",
      "best_params": {
        "max_depth": "5",
        "min_samples_leaf": "1",
        "n_estimators": "200"
      },
      "cv_roc_auc_mean": 0.8403405315614618,
      "cv_recall_mean": 0.7334440753045405,
      "cv_recall_std": 0.02603637714259211,
      "cv_f1_mean": 0.6917328617274828,
      "cv_f1_std": 0.018318455563245382
    },
    {
      "model": "Gradient Boosting",
      "best_params": {
        "learning_rate": "0.05",
        "max_depth": "2",
        "n_estimators": "100"
      },
      "cv_roc_auc_mean": 0.8284482281284606,
      "cv_recall_mean": 0.5795127353266889,
      "cv_recall_std": 0.045715916768485125,
      "cv_f1_mean": 0.6368640288591486,
      "cv_f1_std": 0.03173948763154712
    },
    {
      "model": "XGBoost",
      "best_params": {
        "learning_rate": "0.05",
        "max_depth": "2",
        "n_estimators": "100"
      },
      "cv_roc_auc_mean": 0.8310042912513843,
      "cv_recall_mean": 0.756810631229236,
      "cv_recall_std": 0.0391632213376515,
      "cv_f1_mean": 0.6878010029695936,
      "cv_f1_std": 0.015199900997084886
    }
  ],
  "model_results": [
    {
      "model": "Decision Tree",
      "accuracy": 0.6818181818181818,
      "precision": 0.5287356321839081,
      "recall": 0.8518518518518519,
      "f1": 0.6524822695035462,
      "roc_auc": 0.7791666666666667
    },
    {
      "model": "XGBoost",
      "accuracy": 0.7662337662337663,
      "precision": 0.6285714285714286,
      "recall": 0.8148148148148148,
      "f1": 0.7096774193548387,
      "roc_auc": 0.8109259259259259
    },
    {
      "model": "Random Forest",
      "accuracy": 0.7402597402597403,
      "precision": 0.6060606060606061,
      "recall": 0.7407407407407407,
      "f1": 0.6666666666666666,
      "roc_auc": 0.8194444444444444
    },
    {
      "model": "Logistic Regression",
      "accuracy": 0.7272727272727273,
      "precision": 0.59375,
      "recall": 0.7037037037037037,
      "f1": 0.6440677966101694,
      "roc_auc": 0.813888888888889
    },
    {
      "model": "Gradient Boosting",
      "accuracy": 0.7207792207792207,
      "precision": 0.6222222222222222,
      "recall": 0.5185185185185185,
      "f1": 0.5656565656565656,
      "roc_auc": 0.812962962962963
    }
  ],
  "ensemble_result": {
    "model": "Weighted Soft Voting Ensemble",
    "base_models": [
      "Decision Tree",
      "XGBoost",
      "Random Forest"
    ],
    "weights": {
      "Decision Tree": 0.3596173979251927,
      "XGBoost": 0.3252117635861807,
      "Random Forest": 0.31517083848862665
    },
    "accuracy": 0.7467532467532467,
    "precision": 0.6056338028169014,
    "recall": 0.7962962962962963,
    "f1": 0.688,
    "roc_auc": 0.8125925925925925
  },
  "best_model_name": "Decision Tree",
  "threshold_comparison": {
    "default": {
      "threshold": 0.5,
      "precision": 0.5287356321839081,
      "recall": 0.8518518518518519,
      "f1": 0.6524822695035462,
      "tn": 59,
      "fp": 41,
      "fn": 8,
      "tp": 46,
      "weighted_cost": 73.0
    },
    "f1_optimized": {
      "threshold": 0.538258085471672,
      "precision": 0.5287356321839081,
      "recall": 0.8518518518518519,
      "f1": 0.6524822695035462,
      "tn": 59,
      "fp": 41,
      "fn": 8,
      "tp": 46,
      "weighted_cost": 73.0
    },
    "cost_weighted": {
      "threshold": 0.23752969121140174,
      "precision": 0.45614035087719296,
      "recall": 0.9629629629629629,
      "f1": 0.6190476190476191,
      "tn": 38,
      "fp": 62,
      "fn": 2,
      "tp": 52,
      "weighted_cost": 70.0
    }
  },
  "feature_importances": {
    "Pregnancies": 0.0,
    "Glucose": 0.6134431084419251,
    "BloodPressure": 0.0,
    "SkinThickness": 0.0,
    "Insulin": 0.0,
    "BMI": 0.2415305821140688,
    "DiabetesPedigreeFunction": 0.0,
    "Age": 0.14502630944400607,
    "SkinThickness_was_missing": 0.0,
    "Insulin_was_missing": 0.0
  },